ID,NOM,NOM_M,INSEE_ARM,INSEE_COM,POPULATION,geometry
ARR_MUNI0000000009761162,Marseille 2e Arrondissement,MARSEILLE 2E ARRONDISSEMENT,13202,13055,23627,"MULTIPOLYGON (((5.362739596813875 43.30561057546627, 5.362119626398179 43.322059533318296, 5.341801538916863 43.33650254145955, 5.359093458925459 43.330463075511595, 5.374424050550529 43.29527573285798, 5.362739596813875 43.30561057546627)), ((5.318355609647745 43.347480799722966, 5.340144993397185 43.3356060135739, 5.351464617760801 43.32318367062024, 5.3615742450256265 43.30905054313246, 5.358296964519765 43.29919181724646, 5.318355609647745 43.347480799722966)))"
ARR_MUNI0000000009761158,Marseille 6e Arrondissement,MARSEILLE 6E ARRONDISSEMENT,13206,13055,39647,"POLYGON ((5.370973330022178 43.28923352028234, 5.381491768560184 43.296088588388976, 5.392740052472555 43.28311633092025, 5.373383109046784 43.279296340837064, 5.370973330022178 43.28923352028234))"
ARR_MUNI0000000009736035,Paris 11e Arrondissement,PARIS 11E ARRONDISSEMENT,75111,75056,142583,"POLYGON ((2.3793871708921897 48.85055512228694, 2.369123881441926 48.853166230578516, 2.363872116727158 48.86751628679774, 2.376904765014236 48.87204825944322, 2.3992456210516035 48.848765141781676, 2.3793871708921897 48.85055512228694))"
ARR_MUNI0000000009736040,Paris 18e Arrondissement,PARIS 18E ARRONDISSEMENT,75118,75056,188446,"POLYGON ((2.335171130235882 48.9011472414796, 2.370301804653316 48.90184790618168, 2.3717915558070946 48.895393251184544, 2.3274231357039343 48.8835078006174, 2.335171130235882 48.9011472414796))"
ARR_MUNI0000000009736042,Paris 10e Arrondissement,PARIS 10E ARRONDISSEMENT,75110,75056,83543,"POLYGON ((2.371045328493689 48.87000219880471, 2.3479182282125945 48.87068784518641, 2.349464985893749 48.88372492299804, 2.368674266549963 48.88397614416667, 2.371045328493689 48.87000219880471))"
ARR_MUNI0000000009736046,Paris 2e Arrondissement,PARIS 2E ARRONDISSEMENT,75102,75056,21119,"POLYGON ((2.3479182282125945 48.87068784518641, 2.3509551080413527 48.863401687516486, 2.3279993725028856 48.86992115311164, 2.3400411631952767 48.87197209943326, 2.3479182282125945 48.87068784518641))"
ARR_MUNI0000000009760874,Marseille 13e Arrondissement,MARSEILLE 13E ARRONDISSEMENT,13213,13055,92261,"POLYGON ((5.426051177802438 43.38338835484314, 5.440597526739112 43.39091969195, 5.45934690445538 43.370656229477994, 5.4502318535199406 43.339108795903314, 5.463489506302631 43.31890897782651, 5.393640028265479 43.31646403908486, 5.426051177802438 43.38338835484314))"
ARR_MUNI0000000009736045,Paris 3e Arrondissement,PARIS 3E ARRONDISSEMENT,75103,75056,32793,"POLYGON ((2.350164450262719 48.86198542308995, 2.3632904468148337 48.86781627185148, 2.3684908866827366 48.85580518577576, 2.3617677575116796 48.85724355062165, 2.350164450262719 48.86198542308995))"
ARR_MUNI0000000009736544,Paris 5e Arrondissement,PARIS 5E ARRONDISSEMENT,75105,75056,56841,"POLYGON ((2.361966407324183 48.840242273201355, 2.351870772035156 48.83680458563702, 2.336656991547952 48.83967110758742, 2.3446342970190934 48.85408864569453, 2.361966407324183 48.840242273201355))"
ARR_MUNI0000000009736540,Paris 15e Arrondissement,PARIS 15E ARRONDISSEMENT,75115,75056,227746,"POLYGON ((2.292292946367538 48.8271187994265, 2.2627915245265147 48.83392337352911, 2.289695682973307 48.858182880399525, 2.324641767064502 48.84362134268525, 2.292292946367538 48.8271187994265))"
ARR_MUNI0000000009752004,Lyon 3e Arrondissement,LYON 3E ARRONDISSEMENT,69383,69123,101302,"POLYGON ((4.876574043679668 45.75816824223254, 4.898395706878702 45.75291649126854, 4.891880371305783 45.73909953960648, 4.838560442462523 45.75673884268526, 4.876574043679668 45.75816824223254))"
ARR_MUNI0000000009751757,Lyon 6e Arrondissement,LYON 6E ARRONDISSEMENT,69386,69123,52007,"POLYGON ((4.868861023986859 45.76521219869347, 4.83994671694398 45.763553700194, 4.839624212058801 45.77284642184946, 4.859901586791564 45.78694379164061, 4.868861023986859 45.76521219869347))"
ARR_MUNI0000000009736047,Paris 1er Arrondissement,PARIS 1ER ARRONDISSEMENT,75101,75056,15919,"POLYGON ((2.325888016639641 48.86957652370996, 2.3279993725028856 48.86992115311164, 2.3509551080413527 48.863401687516486, 2.3446342970190934 48.85408864569453, 2.325888016639641 48.86957652370996))"
ARR_MUNI0000000009736545,Paris 4e Arrondissement,PARIS 4E ARRONDISSEMENT,75104,75056,28324,"POLYGON ((2.3689656690645533 48.85385160196693, 2.3644554356846004 48.846185908490625, 2.3446342970190934 48.85408864569453, 2.350164450262719 48.86198542308995, 2.3689656690645533 48.85385160196693))"
ARR_MUNI0000000009736543,Paris 6e Arrondissement,PARIS 6E ARRONDISSEMENT,75106,75056,40209,"POLYGON ((2.3304637073474455 48.85447336073335, 2.3446342970190934 48.85408864569453, 2.336656991547952 48.83967110758742, 2.3167125523210284 48.84686349108687, 2.3304637073474455 48.85447336073335))"
ARR_MUNI0000000009736531,Paris 13e Arrondissement,PARIS 13E ARRONDISSEMENT,75113,75056,178350,"POLYGON ((2.361745287380767 48.83994070615745, 2.36608772597324 48.844967843145106, 2.390072014511326 48.825692326824914, 2.3439025047441455 48.81576700130204, 2.3420855672543994 48.83834304473461, 2.361745287380767 48.83994070615745))"
ARR_MUNI0000000009736541,Paris 14e Arrondissement,PARIS 14E ARRONDISSEMENT,75114,75056,136368,"POLYGON ((2.334862059021432 48.84024662798033, 2.3439025047441455 48.81576700130204, 2.301315418488453 48.82512576084684, 2.324641767064502 48.84362134268525, 2.334862059021432 48.84024662798033))"
ARR_MUNI0000000009736033,Paris 20e Arrondissement,PARIS 20E ARRONDISSEMENT,75120,75056,189805,"POLYGON ((2.414701692063775 48.85870400054471, 2.415971110769568 48.846622956282296, 2.39912112864224 48.84809809563501, 2.376904765014236 48.87204825944322, 2.4108203191510635 48.87843617581535, 2.414701692063775 48.85870400054471))"
ARR_MUNI0000000009761160,Marseille 4e Arrondissement,MARSEILLE 4E ARRONDISSEMENT,13204,13055,50068,"POLYGON ((5.406741174562352 43.29550764059768, 5.389051692946799 43.298902455150746, 5.393184169153982 43.31640933191877, 5.410532162101707 43.31498171417461, 5.406741174562352 43.29550764059768))"
ARR_MUNI0000000009761163,Marseille 1er Arrondissement,MARSEILLE 1ER ARRONDISSEMENT,13201,13055,39436,"POLYGON ((5.385559858076158 43.29429161775234, 5.371606568210868 43.29938836469258, 5.3905008229715206 43.30939479632136, 5.394446066872718 43.30204280680456, 5.385559858076158 43.29429161775234))"
ARR_MUNI0000000009751759,Lyon 1er Arrondissement,LYON 1ER ARRONDISSEMENT,69381,69123,29016,"POLYGON ((4.839757825182551 45.766267988220456, 4.817515557552131 45.76703387961588, 4.812871856832102 45.77130328559548, 4.835161842324562 45.77552491722899, 4.839757825182551 45.766267988220456))"
ARR_MUNI0000000009736041,Paris 17e Arrondissement,PARIS 17E ARRONDISSEMENT,75117,75056,164413,"POLYGON ((2.300588268146194 48.89262884153036, 2.320434138736961 48.90077584961216, 2.3301471169641554 48.90104370552396, 2.3274231357039343 48.8835078006174, 2.2799493325675444 48.87857312398707, 2.300588268146194 48.89262884153036))"
ARR_MUNI0000000009761155,Marseille 10e Arrondissement,MARSEILLE 10E ARRONDISSEMENT,13210,13055,59002,"POLYGON ((5.414918217798815 43.29169739889247, 5.456016230539497 43.27604821717026, 5.4598412561257 43.25948165483228, 5.388739090641637 43.28314905947209, 5.414918217798815 43.29169739889247))"
ARR_MUNI0000000009752005,Lyon 2e Arrondissement,LYON 2E ARRONDISSEMENT,69382,69123,30485,"POLYGON ((4.8304849917406605 45.76471195657825, 4.838560442462523 45.75673884268526, 4.817851596924846 45.72647235235802, 4.8136498574030515 45.74352229999946, 4.8304849917406605 45.76471195657825))"
ARR_MUNI0000000009752003,Lyon 5e Arrondissement,LYON 5E ARRONDISSEMENT,69385,69123,48711,"POLYGON ((4.8090290192779825 45.74953950754225, 4.78356641896974 45.74420392136493, 4.771851937888694 45.75102597158116, 4.829349341131956 45.76648320135148, 4.8090290192779825 45.74953950754225))"
ARR_MUNI0000000009736542,Paris 7e Arrondissement,PARIS 7E ARRONDISSEMENT,75107,75056,47947,"POLYGON ((2.3017372875836335 48.86349607695581, 2.318677870940691 48.86372322408356, 2.333270093392226 48.858290596600334, 2.3137158674978413 48.845943378055246, 2.289695682973307 48.858182880399525, 2.3017372875836335 48.86349607695581))"
ARR_MUNI0000000009761161,Marseille 3e Arrondissement,MARSEILLE 3E ARRONDISSEMENT,13203,13055,53115,"POLYGON ((5.3739954760424675 43.30147515431676, 5.369981833002329 43.31957541603489, 5.393184169153982 43.31640933191877, 5.3915309252258385 43.30989490292657, 5.3739954760424675 43.30147515431676))"
ARR_MUNI0000000009752002,Lyon 7e Arrondissement,LYON 7E ARRONDISSEMENT,69387,69123,85897,"POLYGON ((4.848455489338264 45.73695820161164, 4.840504529009866 45.707779386692835, 4.823704254834726 45.7141837789816, 4.838560442462523 45.75673884268526, 4.859909377686913 45.749553097112575, 4.848455489338264 45.73695820161164))"
ARR_MUNI0000000009736044,Paris 8e Arrondissement,PARIS 8E ARRONDISSEMENT,75108,75056,35123,"POLYGON ((2.3103902407554955 48.86360830499074, 2.29815486307795 48.878076885672535, 2.3271647253730343 48.88345508678249, 2.320933472558735 48.86301926291967, 2.3103902407554955 48.86360830499074))"
ARR_MUNI0000000009752001,Lyon 8e Arrondissement,LYON 8E ARRONDISSEMENT,69388,69123,86326,"POLYGON ((4.889732830163904 45.735093910545324, 4.887559865206636 45.72035090253217, 4.847610536477504 45.722683715951895, 4.859909377686913 45.749553097112575, 4.889732830163904 45.735093910545324))"
ARR_MUNI0000000009751756,Lyon 9e Arrondissement,LYON 9E ARRONDISSEMENT,69389,69123,52903,"POLYGON ((4.788345559067463 45.78977130238195, 4.837065371609221 45.808420257242076, 4.841467705899217 45.80355571853795, 4.810319029195026 45.77977237208866, 4.8123843777949435 45.75867933665449, 4.786732946120981 45.7641605567624, 4.788345559067463 45.78977130238195))"
ARR_MUNI0000000009751758,Lyon 4e Arrondissement,LYON 4E ARRONDISSEMENT,69384,69123,35603,"POLYGON ((4.819006005165525 45.78978927532067, 4.843064423001115 45.7787783557555, 4.839874055053632 45.77331433197334, 4.812871856832102 45.77130328559548, 4.819006005165525 45.78978927532067))"
ARR_MUNI0000000009736043,Paris 9e Arrondissement,PARIS 9E ARRONDISSEMENT,75109,75056,58951,"POLYGON ((2.3271647253730343 48.88345508678249, 2.349464985893749 48.88372492299804, 2.3479182282125945 48.87068784518641, 2.325888016639641 48.86957652370996, 2.3271647253730343 48.88345508678249))"
ARR_MUNI0000000009761159,Marseille 5e Arrondissement,MARSEILLE 5E ARRONDISSEMENT,13205,13055,45449,"POLYGON ((5.406208443393898 43.296234988213044, 5.415592738399439 43.29265250368759, 5.3950325824634 43.28480787875517, 5.385559858076158 43.29429161775234, 5.406208443393898 43.296234988213044))"
ARR_MUNI0000000009736034,Paris 19e Arrondissement,PARIS 19E ARRONDISSEMENT,75119,75056,181616,"POLYGON ((2.403654858139889 48.88167694638392, 2.376904765014236 48.87204825944322, 2.3647135721134167 48.8843661865799, 2.3845300456163376 48.9021475933584, 2.403654858139889 48.88167694638392))"
ARR_MUNI0000000009760877,Marseille 14e Arrondissement,MARSEILLE 14E ARRONDISSEMENT,13214,13055,59948,"POLYGON ((5.395328158450921 43.36678485700945, 5.415375589668173 43.378738997876575, 5.41114249505932 43.33923672725186, 5.393640028265479 43.31646403908486, 5.371576868060093 43.320084931213735, 5.3668057811027605 43.33819649644574, 5.395328158450921 43.36678485700945))"
ARR_MUNI0000000009760876,Marseille 15e Arrondissement,MARSEILLE 15E ARRONDISSEMENT,13215,13055,79656,"POLYGON ((5.3392074961425005 43.37714329728549, 5.370074919836771 43.389675098688166, 5.373374328872801 43.37175794484809, 5.39828957956441 43.368637215828436, 5.3668057811027605 43.33819649644574, 5.369144484299529 43.31665712072041, 5.337797284884635 43.33955283241126, 5.35414676316927 43.35091255307813, 5.3392074961425005 43.37714329728549))"
ARR_MUNI0000000009736532,Paris 12e Arrondissement,PARIS 12E ARRONDISSEMENT,75112,75056,140954,"POLYGON ((2.467319402317011 48.839099389275724, 2.4626960627523533 48.81905977056919, 2.4373286146864244 48.81817682286433, 2.3644554356846004 48.846185908490625, 2.467319402317011 48.839099389275724))"
ARR_MUNI0000000009736553,Paris 16e Arrondissement,PARIS 16E ARRONDISSEMENT,75116,75056,162061,"POLYGON ((2.245514981559115 48.84685567909526, 2.224217174940928 48.85373814925437, 2.245703788405577 48.87645923248163, 2.3016353467206208 48.86449106267656, 2.2627915245265147 48.83392337352911, 2.245514981559115 48.84685567909526))"
ARR_MUNI0000000009761154,Marseille 11e Arrondissement,MARSEILLE 11E ARRONDISSEMENT,13211,13055,57924,"POLYGON ((5.505335626354491 43.283165181237024, 5.513159674968463 43.263323806382886, 5.463314152147574 43.253924363467156, 5.451809360667764 43.25566751536899, 5.456016230539497 43.27604821717026, 5.424871412562755 43.29297209058812, 5.522476908696435 43.32094098778223, 5.532224917315316 43.298569531183844, 5.505335626354491 43.283165181237024))"
ARR_MUNI0000000009761153,Marseille 12e Arrondissement,MARSEILLE 12E ARRONDISSEMENT,13212,13055,63108,"POLYGON ((5.466613093226995 43.32299944875754, 5.476674603150118 43.30013221314424, 5.406653992396625 43.29873241841005, 5.41804819546172 43.32065036465312, 5.466613093226995 43.32299944875754))"
